ID,Type,Sigma,SMILES
A337,p,-0.02,O=C(O)c1ccc(-c2ccsc2)cc1
A48,p,0,O=C(O)c1ccc(OP(=O)([O-])O)cc1
A416,p,0.51,O=C(O)c1ccc(-n2nc3ccccc3n2)cc1
A176,p,0.28,O=C(O)c1ccc(OC(F)(F)C(F)Cl)cc1
A459,p,-0.03,O=C(O)c1ccc(C(O)c2ccccc2)cc1
A21,p,0.59,O=C(O)c1ccc(P(F)F)cc1
A188,p,0.15,O=C(O)c1ccc(CSC(F)(F)F)cc1
A250,p,0.51,O=C(O)c1ccc(C#CC(F)(F)F)cc1
A3,p,0.73,O=C(O)c1ccc([Ge](Br)(Br)Br)cc1
A65,p,0.13,O=C(O)c1ccc(N=C(Cl)Cl)cc1
A153,p,0,C[Se]c1ccc(C(=O)O)cc1
A45,p,-0.37,O=C(O)c1ccc(O)cc1
A99,p,0,O=C([O-])c1ccc(C(=O)O)cc1
A26,p,0.8,O=C(O)c1ccc(P(F)(F)(F)F)cc1
A170,p,1.28,O=C(O)c1ccc(/S(=N/S(=O)(=O)C(F)(F)F)C(F)(F)F)cc1
A47,p,0.26,O=C(O)c1ccc(P(=O)([O-])O)cc1
A6,p,0.35,O=C(O)c1ccc([Hg]Cl)cc1
A31,p,0.91,O=Nc1ccc(C(=O)O)cc1
A404,p,0.12,O=C(O)c1ccc(-c2ccc(Br)cc2)cc1
A335,p,0.02,O=C(O)c1ccc(-c2ccco2)cc1
A398,p,0.56,O=C(O)c1ccc(OP(=O)(C(F)(F)C(F)(F)C(F)(F)F)C(F)(F)C(F)(F)C(F)(F)F)cc1
A447,p,0.29,O=C(O)c1ccc(-c2nc3ccccc3s2)cc1
A218,p,-0.12,O=C(O)c1ccc(OCC[O-])cc1
A417,p,-0.01,O=C(O)c1ccc(-c2ccccc2)cc1
A344,p,0.33,CC(=O)N(C(C)=O)c1ccc(C(=O)O)cc1
A155,p,-0.11,NCc1ccc(C(=O)O)cc1
A120,p,0.12,O=C(O)c1ccc(CCl)cc1
A213,p,0.3,CO/N=C/c1ccc(C(=O)O)cc1
A356,p,0,CC[As](CC)c1ccc(C(=O)O)cc1
A210,p,-0.17,COC(=O)Nc1ccc(C(=O)O)cc1
A49,p,0.15,O=C(O)c1ccc(S)cc1
A139,p,-0.24,NC(=O)Nc1ccc(C(=O)O)cc1
A338,p,0.04,O=C(O)c1ccc(-c2ccc[se]2)cc1
A227,p,0.15,N[C+](N)SCc1ccc(C(=O)O)cc1
A29,p,0.62,O=Ic1ccc(C(=O)O)cc1
A323,p,0.96,N#CC(C#N)(C#N)c1ccc(C(=O)O)cc1
A458,p,-0.08,COc1ccc(-c2ccc(C(=O)O)cc2)cc1
A392,p,0.13,C[N+](C)(C)CCc1ccc(C(=O)O)cc1
A445,p,-0.04,CN(C)[Si](c1ccc(C(=O)O)cc1)(N(C)C)N(C)C
A136,p,0.23,C[Si](F)(F)c1ccc(C(=O)O)cc1
A454,p,0.41,O=C(O)c1ccc(C(=O)Nc2ccccc2)cc1
A58,p,0.6,[NH3+]c1ccc(C(=O)O)cc1
A200,p,0.5,CC(=O)c1ccc(C(=O)O)cc1
A186,p,0.24,O=C(O)c1ccc(CS(=O)C(F)(F)F)cc1
A257,p,0.48,O=C(O)c1ccc(SC(F)(F)C(F)(F)C(F)(F)F)cc1
A141,p,0.16,NC(=S)Nc1ccc(C(=O)O)cc1
A151,p,0,CSc1ccc(C(=O)O)cc1
A224,p,0.77,CCS(=O)(=O)c1ccc(C(=O)O)cc1
A37,p,0.08,[N-]=[N+]=Nc1ccc(C(=O)O)cc1
A510,p,0.38,O=C(O)c1ccc(-c2cc(=O)c3c(ccc4ccccc43)o2)cc1
A54,p,0.42,O=C(O)c1ccc(P(=O)(O)O)cc1
A204,p,0.01,O=C(O)c1ccc(C2CS2)cc1
A402,p,0.3,O=C(O)c1ccc(-c2c([N+](=O)[O-])cc([N+](=O)[O-])cc2[N+](=O)[O-])cc1
A53,p,0.6,NS(=O)(=O)c1ccc(C(=O)O)cc1
A496,p,0.01,CC(C)(C)c1ccc(-c2ccc(C(=O)O)cc2)cc1
A107,p,0.37,O=C(O)c1ccc(SC(F)F)cc1
A367,p,0.14,C[NH+](C)CCc1ccc(C(=O)O)cc1
A478,p,0.7,Cc1ccc(S(=O)(=O)/N=S(\C)c2ccc(C(=O)O)cc2)cc1
A442,p,0.98,CC[P+](CC)(CC)c1ccc(C(=O)O)cc1
A419,p,0.39,O=C(O)c1ccc(N=Nc2ccccc2)cc1
A364,p,0.13,CCP(CC)c1ccc(C(=O)O)cc1
A258,p,0.51,O=C(O)c1ccc(SC(F)(C(F)(F)F)C(F)(F)F)cc1
A385,p,0.32,CC(C)(C)C(=O)c1ccc(C(=O)O)cc1
A285,p,-0.15,CCOC(=O)Nc1ccc(C(=O)O)cc1
A166,p,0.28,O=C(O)c1ccc(OC(F)(F)C(F)(F)F)cc1
A409,p,-0.1,O=C(O)c1ccc(Oc2ccc(F)cc2)cc1
A256,p,1.1,O=C(O)c1ccc(S(=O)(=O)C(F)(C(F)(F)F)C(F)(F)F)cc1
A212,p,0.36,CNC(=O)c1ccc(C(=O)O)cc1
A491,p,0.01,CC(C)c1ccc(-c2ccc(C(=O)O)cc2)cc1
A61,p,0.29,O=C(O)c1ccc(C(Br)(Br)Br)cc1
A502,p,0.64,O=C(O)c1ccc([As](=O)(c2ccccc2)c2ccccc2)cc1
A482,p,0.57,CCCCOP(=O)(OCCCC)c1ccc(C(=O)O)cc1
A279,p,-0.07,O=C(O)CCc1ccc(C(=O)O)cc1
A477,p,0.07,C[Si](C)(c1ccccc1)c1ccc(C(=O)O)cc1
A12,p,0.8,O=C(O)c1ccc(P(=S)(Cl)Cl)cc1
A159,p,0.52,O=C(O)c1ccc([Hg]OC(=O)C(F)(F)F)cc1
A126,p,0,O=CNc1ccc(C(=O)O)cc1
A275,p,-0.25,C=CCOc1ccc(C(=O)O)cc1
A339,p,0.03,O=C(O)c1ccc(-c2ccc[te]2)cc1
A90,p,0.54,N#COc1ccc(C(=O)O)cc1
A22,p,0.97,O=C(O)c1ccc([Ge](F)(F)F)cc1
A122,p,0.11,O=C(O)c1ccc(CF)cc1
A415,p,0.6,O=C(O)c1ccc(S(=O)c2ccc([N+](=O)[O-])cc2)cc1
A71,p,0.32,O=C(O)c1ccc([Hg]C(F)(F)F)cc1
A189,p,0.18,N#CCc1ccc(C(=O)O)cc1
A169,p,0.53,O=C(O)c1ccc(N(C(F)(F)F)C(F)(F)F)cc1
A432,p,-0.08,O=C(O)c1ccc(C2=CCCCC2)cc1
A33,p,0.7,O=C(O)c1ccc(O[N+](=O)[O-])cc1
A154,p,-0.7,CNc1ccc(C(=O)O)cc1
A124,p,0.2,O=C(O)c1ccc(SCF)cc1
A301,p,0.43,C[NH+](C)Cc1ccc(C(=O)O)cc1
A76,p,0.69,O=C(O)c1ccc(S(=O)C(F)(F)F)cc1
A201,p,0.44,CC(=O)Sc1ccc(C(=O)O)cc1
A199,p,-0.09,C=COc1ccc(C(=O)O)cc1
A233,p,0.65,CN(C)S(=O)(=O)c1ccc(C(=O)O)cc1
A408,p,0.06,O=C(O)c1ccc(-c2ccc(F)cc2)cc1
A198,p,0.03,O=C(O)c1ccc(C2CO2)cc1
A231,p,-0.83,CN(C)c1ccc(C(=O)O)cc1
A229,p,0.17,C[Si](C)(F)c1ccc(C(=O)O)cc1
A214,p,0.07,NC(=O)Cc1ccc(C(=O)O)cc1
A328,p,0.46,O=C(O)c1ccc(N2C(=O)CC(Cl)C2=O)cc1
A352,p,-0.16,CCCCc1ccc(C(=O)O)cc1
A123,p,0.02,O=C(O)c1ccc(OCF)cc1
A193,p,-0.04,C=Cc1ccc(C(=O)O)cc1
A133,p,-0.17,Cc1ccc(C(=O)O)cc1
A441,p,0.08,CCO[Si](OCC)(OCC)c1ccc(C(=O)O)cc1
A260,p,0.3,O=C(O)c1ccc(C(O)(C(F)(F)F)C(F)(F)F)cc1
A223,p,0.01,COCc1ccc(C(=O)O)cc1
A354,p,-0.17,CC(C)(O)Cc1ccc(C(=O)O)cc1
A516,p,0.3,Cc1ccc(P(=S)(c2ccccc2)c2ccc(C(=O)O)cc2)cc1
A425,p,0.33,O=C(O)c1ccc(OS(=O)(=O)c2ccccc2)cc1
A474,p,-0.02,CCc1ccc(-c2ccc(C(=O)O)cc2)cc1
A56,p,-0.44,O=C(O)c1ccc([B-](O)(O)O)cc1
A100,p,0.32,O=C(O)c1ccc(C(Br)Br)cc1
A452,p,0.42,O=C(O)c1ccc(/C=N/c2ccccc2)cc1
A523,p,1.18,Cc1ccc([P+](C)(c2ccc(C)cc2)c2ccc(C(=O)O)cc2)cc1
A520,p,0.3,Cc1ccc(P(=O)(c2ccc(C)cc2)c2ccc(C(=O)O)cc2)cc1
A412,p,0.2,O=C(O)c1ccc(-c2cccc([N+](=O)[O-])c2)cc1
A314,p,1.34,O=C(O)c1ccc(I(OC(=O)C(F)(F)F)OC(=O)C(F)(F)F)cc1
A427,p,-0.56,O=C(O)c1ccc(Nc2ccccc2)cc1
A436,p,0.41,CC(C)P(=O)(c1ccc(C(=O)O)cc1)C(C)C
A142,p,-0.27,COc1ccc(C(=O)O)cc1
A434,p,-0.93,CCCN(CCC)c1ccc(C(=O)O)cc1
A307,p,-0.07,C[Si](C)(C)c1ccc(C(=O)O)cc1
A377,p,-0.05,O=Cc1ccc(-c2ccc(C(=O)O)cc2)o1
A359,p,-0.51,CCCCNc1ccc(C(=O)O)cc1
A209,p,0.12,CN1OC1c1ccc(C(=O)O)cc1
A278,p,0.05,CC(=O)OCc1ccc(C(=O)O)cc1
A97,p,0.82,O=C(O)c1ccc(C([N+](=O)[O-])([N+](=O)[O-])[N+](=O)[O-])cc1
A38,p,-0.81,O=C(O)c1ccc([O-])cc1
A512,p,-0.05,O=C(O)c1ccc(C(c2ccccc2)c2ccccc2)cc1
A17,p,0.83,O=C(O)c1ccc(S(=O)F)cc1
A261,p,0.44,O=C(O)c1ccc(C(SC(F)(F)F)SC(F)(F)F)cc1
A66,p,0.46,O=C(O)c1ccc(C(Cl)(Cl)Cl)cc1
A302,p,-0.02,CO[Si](C)(C)c1ccc(C(=O)O)cc1
A446,p,0.33,O=C(O)c1ccc(-c2nc3ccccc3o2)cc1
A244,p,0.04,C[SiH](C)c1ccc(C(=O)O)cc1
A263,p,0.17,O=C(O)c1ccc(/C=C\C(F)(F)F)cc1
A51,p,-0.66,Nc1ccc(C(=O)O)cc1
A167,p,1.08,O=C(O)c1ccc(S(=O)(=O)C(F)(F)C(F)(F)F)cc1
A219,p,-0.15,CCc1ccc(C(=O)O)cc1
A211,p,0,CC(=O)Nc1ccc(C(=O)O)cc1
A296,p,-0.14,CC(C)(OO)c1ccc(C(=O)O)cc1
A464,p,-0.01,C[Si](C)(C)O[Si](C)(O[Si](C)(C)C)c1ccc(C(=O)O)cc1
A293,p,-0.45,CC(C)Oc1ccc(C(=O)O)cc1
A74,p,0.68,O=C(O)c1ccc(N=NC(F)(F)F)cc1
A265,p,0.55,O=C(O)c1ccc(/C=C/S(=O)(=O)C(F)(F)F)cc1
A46,p,-0.07,O=C(O)c1ccc(S(=O)O)cc1
A128,p,0.3,NC(=S)c1ccc(C(=O)O)cc1
A50,p,0.12,O=C(O)c1ccc(B(O)O)cc1
A252,p,0.23,O=C(O)c1ccc(N=C(C(F)(F)F)C(F)(F)F)cc1
A36,p,-0.43,O=C(O)c1ccc(N=[N+]([O-])[O-])cc1
A34,p,1.91,N#[N+]c1ccc(C(=O)O)cc1
A180,p,0.47,O=C(O)c1ccc(SC(F)(F)C(F)F)cc1
A221,p,-0.24,CCOc1ccc(C(=O)O)cc1
A60,p,0.1,O=C(O)c1ccc([SiH3])cc1
A460,p,0.07,O=C(O)c1ccc(COc2ccccc2)cc1
A380,p,0.44,O=C(O)c1ccc(-c2ccncc2)cc1
A27,p,0.68,O=C(O)c1ccc(S(F)(F)(F)(F)F)cc1
A10,p,0.9,O=C(O)c1ccc(P(=O)(Cl)Cl)cc1
A274,p,0.64,CCC(c1ccc(C(=O)O)cc1)([N+](=O)[O-])[N+](=O)[O-]
A109,p,0.39,O=C(O)c1ccc(NS(=O)(=O)C(F)(F)F)cc1
A393,p,-0.17,C[Si](C)(C)CCc1ccc(C(=O)O)cc1
A395,p,0.24,O=C(O)c1ccc(-c2c(Cl)c(Cl)c(Cl)c(Cl)c2Cl)cc1
A490,p,0.05,O=C(O)c1ccc(/C=C/C(=O)c2ccccc2)cc1
A254,p,0.53,O=C(O)c1ccc(C(F)(C(F)(F)F)C(F)(F)F)cc1
A240,p,0.06,CP(C)c1ccc(C(=O)O)cc1
A421,p,0.44,O=C(O)c1ccc(S(=O)c2ccccc2)cc1
A526,p,-0.77,O=C(O)c1ccc(N=P(c2ccccc2)(c2ccccc2)c2ccccc2)cc1
A89,p,0.19,O=C=Nc1ccc(C(=O)O)cc1
A161,p,0.46,O=C(O)c1ccc(SC(=O)C(F)(F)F)cc1
A1,p,0.48,O=C(O)c1ccc(B(F)F)cc1
A264,p,0.27,O=C(O)c1ccc(/C=C/C(F)(F)F)cc1
A303,p,-0.27,C[Si](C)(C)Oc1ccc(C(=O)O)cc1
A238,p,0.5,CP(C)(=O)c1ccc(C(=O)O)cc1
A492,p,-0.01,C[Si](C)(C)O[Si](O[Si](C)(C)C)(O[Si](C)(C)C)c1ccc(C(=O)O)cc1
A481,p,0.49,CCCCP(=O)(CCCC)c1ccc(C(=O)O)cc1
A272,p,-0.09,C/C=C/c1ccc(C(=O)O)cc1
A501,p,0.09,O=C(O)c1ccc([As](c2ccccc2)c2ccccc2)cc1
A271,p,0.05,C=C(C)c1ccc(C(=O)O)cc1
A324,p,0.37,O=C(O)c1ccc(C2(O)C(F)(F)C(F)(F)C2(F)F)cc1
A514,p,0.3,Cc1ccc(P(=O)(c2ccccc2)c2ccc(C(=O)O)cc2)cc1
A426,p,0.07,O=C(O)c1ccc(Sc2ccccc2)cc1
A2,p,0.23,O=C(O)c1ccc(Br)cc1
A497,p,-0.13,O=C(O)c1ccc(C23CC4CC(CC(C4)C2)C3)cc1
A106,p,0.86,O=C(O)c1ccc(S(=O)(=O)C(F)F)cc1
A121,p,0.08,O=C(O)c1ccc(OCCl)cc1
A114,p,0.33,O=C(O)c1ccc(-n2nnnc2O)cc1
A291,p,-0.26,CCNC(=O)Nc1ccc(C(=O)O)cc1
A327,p,0.27,O=C(O)c1ccc(N2C(=O)C=CC2=O)cc1
A515,p,0.01,O=C(O)c1ccc(CP(=O)(c2ccccc2)c2ccccc2)cc1
A110,p,0.26,O=C(O)c1ccc(C(I)I)cc1
A242,p,0.96,Cc1ccc(S(=O)(=O)S(C)(C)c2ccc(C(=O)O)cc2)cc1
A430,p,-0.13,CCc1ccc(-c2ccc(C(=O)O)cc2)o1
A32,p,0.78,O=C(O)c1ccc([N+](=O)[O-])cc1
A44,p,0.57,O=C(O)c1ccc(N[N+](=O)[O-])cc1
A349,p,-0.2,CC(C)(C)c1ccc(C(=O)O)cc1
A345,p,-0.14,O=C(O)c1ccc(C2CCC2)cc1
A340,p,0.37,O=C(O)c1ccc(-n2cccc2)cc1
A435,p,-0.16,CN(C)CCCCc1ccc(C(=O)O)cc1
A295,p,-0.17,CC(O)Cc1ccc(C(=O)O)cc1
A72,p,0.42,O=C(O)c1ccc([Hg]SC(F)(F)F)cc1
A467,p,0.51,O=C(O)c1ccc(/C=N/C(=O)c2ccccc2)cc1
A439,p,0,CC[Ge](CC)(CC)c1ccc(C(=O)O)cc1
A507,p,0.47,O=C(O)c1ccc(P(=S)(c2ccccc2)c2ccccc2)cc1
A94,p,0.66,N#C[Se]c1ccc(C(=O)O)cc1
A194,p,-0.03,O=C(CCl)Nc1ccc(C(=O)O)cc1
A119,p,0.14,O=C(O)c1ccc(CBr)cc1
A346,p,0.47,CC(C)C(=O)c1ccc(C(=O)O)cc1
A216,p,0.34,CNC(=S)c1ccc(C(=O)O)cc1
A156,p,0.03,CS(=O)(=O)Nc1ccc(C(=O)O)cc1
A143,p,0,O=C(O)c1ccc(CO)cc1
A369,p,-0.21,C[Si](C)(C)Cc1ccc(C(=O)O)cc1
A505,p,0.53,O=C(O)c1ccc(P(=O)(c2ccccc2)c2ccccc2)cc1
A448,p,0.43,O=C(O)c1ccc(C(=O)c2ccccc2)cc1
A80,p,0.53,O=C(O)c1ccc(OS(=O)(=O)C(F)(F)F)cc1
A527,p,0.1,O=C(O)c1ccc([Si](c2ccccc2)(c2ccccc2)c2ccccc2)cc1
A103,p,0.32,O=C(O)c1ccc(C(F)F)cc1
A431,p,0.38,Cc1ccc(C)n1-c1ccc(C(=O)O)cc1
A440,p,-0.01,C[N+](C)(C)CCCc1ccc(C(=O)O)cc1
A292,p,0.07,CCNC(=S)Nc1ccc(C(=O)O)cc1
A357,p,0.44,CC[As](=O)(CC)c1ccc(C(=O)O)cc1
A413,p,0.26,O=C(O)c1ccc(-c2ccc([N+](=O)[O-])cc2)cc1
A24,p,0.69,O=C(O)c1ccc([Si](F)(F)F)cc1
A360,p,-0.72,CCN(CC)c1ccc(C(=O)O)cc1
A358,p,0.44,CC[As](=S)(CC)c1ccc(C(=O)O)cc1
A160,p,0.8,O=C(O)c1ccc(C(=O)C(F)(F)F)cc1
A78,p,0.96,O=C(O)c1ccc(S(=O)(=O)C(F)(F)F)cc1
A181,p,0.64,O=C(O)c1ccc(-n2nnnc2SS2=NN=NN2)cc1
A64,p,0.61,O=C(O)c1ccc(C(=O)Cl)cc1
A288,p,-0.15,CC(C)c1ccc(C(=O)O)cc1
A333,p,0.53,O=C(O)c1ccc(-c2ncccn2)cc1
A225,p,0.03,CCSc1ccc(C(=O)O)cc1
A322,p,0.54,O=C(O)c1ccc([Se]C(C(F)(F)F)(C(F)(F)F)C(F)(F)F)cc1
A297,p,0.07,CC(C)Sc1ccc(C(=O)O)cc1
A251,p,0.46,O=C(O)c1ccc(/C(F)=C(\F)C(F)(F)F)cc1
A305,p,0.13,CO[Si](OC)(OC)c1ccc(C(=O)O)cc1
A184,p,0.26,O=C(O)c1ccc([Se]/C=C/Cl)cc1
A73,p,1.35,O=C(O)c1ccc(I=NS(=O)(=O)C(F)(F)F)cc1
A383,p,0.03,CCOC(=O)/C=C/c1ccc(C(=O)O)cc1
A145,p,0.17,COSc1ccc(C(=O)O)cc1
A111,p,0.06,N#CNc1ccc(C(=O)O)cc1
A389,p,-0.15,CCCCCc1ccc(C(=O)O)cc1
A98,p,0.54,[N-]=[N+]=Nc1nnnn1-c1ccc(C(=O)O)cc1
A513,p,0.07,CN1c2ccccc2[As](c2ccc(C(=O)O)cc2)c2ccccc21
A93,p,0.52,N#CSc1ccc(C(=O)O)cc1
A215,p,0.12,CC(=S)Nc1ccc(C(=O)O)cc1
A172,p,0.83,O=C(O)c1ccc(N(S(=O)(=O)C(F)(F)F)S(=O)(=O)C(F)(F)F)cc1
A168,p,0.48,O=C(O)c1ccc(SC(F)(F)C(F)(F)F)cc1
A318,p,0.52,O=C(O)c1ccc(C(F)(F)C(F)(F)C(F)(F)C(F)(F)F)cc1
A317,p,0.55,O=C(O)c1ccc(C(C(F)(F)F)(C(F)(F)F)C(F)(F)F)cc1
A102,p,0.26,O=C(O)c1ccc(OC(Cl)Cl)cc1
A79,p,1.21,O=C(O)c1ccc([Se](=O)(=O)C(F)(F)F)cc1
A294,p,-0.25,CCCOc1ccc(C(=O)O)cc1
A276,p,0.48,CCC(=O)c1ccc(C(=O)O)cc1
A466,p,0.16,O=C(O)c1ccc(C#Cc2ccccc2)cc1
A471,p,-0.54,COc1ccc(/C=N/c2ccc(C(=O)O)cc2)cc1
A23,p,0.8,O=C(O)c1ccc(S(F)(F)F)cc1
A375,p,0.98,N#CC(C#N)=C(C#N)c1ccc(C(=O)O)cc1
A262,p,0.52,N#CC(C#N)c1ccc(C(=O)O)cc1
A253,p,0.48,O=C(O)c1ccc(C(F)(F)C(F)(F)C(F)(F)F)cc1
A461,p,0.16,O=C(O)c1ccc(CS(=O)(=O)c2ccccc2)cc1
A450,p,0.44,O=C(O)c1ccc(C(=O)Oc2ccccc2)cc1
A429,p,0.65,O=C(O)c1ccc(S(=O)(=O)Nc2ccccc2)cc1
A158,p,0.57,O=C(O)c1ccc(N(C(=O)F)C(=O)F)cc1
A382,p,-0.05,O=C(O)c1ccc(C2=CCCC2)cc1
A320,p,0.58,O=C(O)c1ccc(SC(C(F)(F)F)(C(F)(F)F)C(F)(F)F)cc1
A411,p,0.1,O=C(O)c1ccc(-c2ccc(I)cc2)cc1
A300,p,0.82,C[N+](C)(C)c1ccc(C(=O)O)cc1
A378,p,0.17,O=C(O)c1ccc(-c2ccccn2)cc1
A185,p,0.09,O=C(O)c1ccc(CC(F)(F)F)cc1
A30,p,0.78,O=C(O)c1ccc(I(=O)=O)cc1
A118,p,0.45,O=C(O)c1ccc(C(=O)O)cc1
A298,p,0.01,CN(C)Cc1ccc(C(=O)O)cc1
A366,p,0.44,C[N+](C)(C)Cc1ccc(C(=O)O)cc1
A449,p,0.13,O=C(O)c1ccc(OC(=O)c2ccccc2)cc1
A386,p,-0.05,CCCCOC(=O)Nc1ccc(C(=O)O)cc1
A308,p,0,C[Sn](C)(C)c1ccc(C(=O)O)cc1
A396,p,0.27,O=C(O)c1ccc(-c2c(F)c(F)c(F)c(F)c2F)cc1
A465,p,0.39,O=C(O)c1ccc(C(F)(F)C(F)(F)c2ccc(F)cc2)cc1
A438,p,0.5,CCCOP(=O)(OCCC)c1ccc(C(=O)O)cc1
A319,p,1.13,O=C(O)c1ccc(S(=O)(=O)C(C(F)(F)F)(C(F)(F)F)C(F)(F)F)cc1
A18,p,0.91,O=C(O)c1ccc(S(=O)(=O)F)cc1
A175,p,0.23,C#Cc1ccc(C(=O)O)cc1
A68,p,0.7,O=C(O)c1ccc(C(=O)F)cc1
A443,p,0,CC[Sn](CC)(CC)c1ccc(C(=O)O)cc1
A234,p,0.49,CS(=O)(=O)N(c1ccc(C(=O)O)cc1)S(C)(=O)=O
A241,p,0.9,C[S+](C)c1ccc(C(=O)O)cc1
A239,p,0.53,COP(=O)(OC)c1ccc(C(=O)O)cc1
A379,p,0.25,O=C(O)c1ccc(-c2cccnc2)cc1
A355,p,-0.04,COC(OC)(OC)c1ccc(C(=O)O)cc1
A321,p,0.53,O=C(O)c1ccc(C(SC(F)(F)F)(SC(F)(F)F)SC(F)(F)F)cc1
A483,p,0.15,CC(C)(C)P(c1ccc(C(=O)O)cc1)C(C)(C)C
A235,p,0.09,CN(C)Sc1ccc(C(=O)O)cc1
A25,p,1.15,O=C(O)c1ccc(I(F)(F)(F)F)cc1
A148,p,0.72,CS(=O)(=O)c1ccc(C(=O)O)cc1
A255,p,1.09,O=C(O)c1ccc(S(=O)(=O)C(F)(F)C(F)(F)C(F)(F)F)cc1
A4,p,0.57,O=C(O)c1ccc([Si](Br)(Br)Br)cc1
A350,p,-0.12,CCC(C)c1ccc(C(=O)O)cc1
A217,p,0.4,NC(=S)N/N=C/c1ccc(C(=O)O)cc1
A178,p,1,O=C(O)c1ccc(/C=N/S(=O)(=O)C(F)(F)F)cc1
A509,p,0.38,O=C(O)c1ccc(-c2cc(=O)c3ccc4ccccc4c3o2)cc1
A405,p,0.1,O=C(O)c1ccc(-c2cccc(Cl)c2)cc1
A40,p,0.35,O=C(O)c1ccc(S(=O)(=O)[O-])cc1
A410,p,0.06,O=C(O)c1ccc(-c2cccc(I)c2)cc1
A203,p,0.45,COC(=O)c1ccc(C(=O)O)cc1
A451,p,-0.55,O=C(O)c1ccc(/N=C/c2ccccc2)cc1
A332,p,0.63,O=C(O)c1ccc(-c2ccncn2)cc1
A529,p,0.02,O=C(O)c1ccc(C(c2ccccc2)(c2ccccc2)c2ccccc2)cc1
A117,p,0.42,O=Cc1ccc(C(=O)O)cc1
A334,p,0.39,O=C(O)c1ccc(-c2cncnc2)cc1
A125,p,0.11,O=C(O)c1ccc(CI)cc1
A205,p,0.2,C=CSc1ccc(C(=O)O)cc1
A457,p,0.31,Cc1ccc(O)c(/N=N/c2ccc(C(=O)O)cc2)c1
A196,p,0.4,CC(=O)O[Hg]c1ccc(C(=O)O)cc1
A190,p,0.26,O=C(O)c1ccc(C=C[N+](=O)[O-])cc1
A524,p,0.08,O=C(O)c1ccc([Ge](c2ccccc2)(c2ccccc2)c2ccccc2)cc1
A243,p,0.17,[NH3+]CCc1ccc(C(=O)O)cc1
A463,p,-0.16,CCCCCCCc1ccc(C(=O)O)cc1
A95,p,1.03,N#CN=Nc1ccc(C(=O)O)cc1
A147,p,0.54,COS(=O)c1ccc(C(=O)O)cc1
A480,p,0.41,CC(C)(C)P(=O)(c1ccc(C(=O)O)cc1)C(C)(C)C
A127,p,0.36,NC(=O)c1ccc(C(=O)O)cc1
A388,p,-0.17,CC(C)(C)Cc1ccc(C(=O)O)cc1
A479,p,0.58,Cc1cc(C)[n+](-c2ccc(C(=O)O)cc2)c(C)c1
A280,p,0.12,C=CCSc1ccc(C(=O)O)cc1
A84,p,0.66,N#Cc1ccc(C(=O)O)cc1
A207,p,-0.22,O=C(O)c1ccc(N2CC2)cc1
A269,p,0.13,O=C/C=C/c1ccc(C(=O)O)cc1
A183,p,0.24,O=C(O)c1ccc(S/C=C/Cl)cc1
A57,p,0.01,O=C(O)c1ccc([GeH3])cc1
A453,p,-0.19,O=C(O)c1ccc(NC(=O)c2ccccc2)cc1
A138,p,-0.57,O=C(O)c1ccc(NCS(=O)(=O)[O-])cc1
A407,p,0.1,O=C(O)c1ccc(-c2cccc(F)c2)cc1
A281,p,0.12,C=CC[Se]c1ccc(C(=O)O)cc1
A289,p,-0.13,CCCc1ccc(C(=O)O)cc1
A150,p,0.36,CS(=O)(=O)Oc1ccc(C(=O)O)cc1
A376,p,0.1,N#Cc1ccc(-c2ccc(C(=O)O)cc2)o1
A286,p,0.2,CC(C)(c1ccc(C(=O)O)cc1)[N+](=O)[O-]
A476,p,0.08,C/C(=N\c1ccc(C(=O)O)cc1)Nc1ccccc1
A391,p,0.06,CCOP(=O)(Cc1ccc(C(=O)O)cc1)OCC
A237,p,1.17,Cn1c2ccc(C(=O)O)cc2n[n+]1C
A371,p,0.25,CN(C)P(c1ccc(C(=O)O)cc1)N(C)C
A521,p,0.23,Cc1ccc(P(=S)(c2ccc(C)cc2)c2ccc(C(=O)O)cc2)cc1
A192,p,0.14,N#CSCc1ccc(C(=O)O)cc1
A82,p,0.45,O=C(O)c1ccc([Se]C(F)(F)F)cc1
A112,p,0.5,O=C(O)c1ccc(-n2cnnn2)cc1
A108,p,0.84,N=S(=O)(c1ccc(C(=O)O)cc1)C(F)(F)F
A475,p,-0.12,O=C(O)c1ccc(CCc2ccccc2)cc1
A455,p,-0.03,Cc1ccc(-c2ccc(C(=O)O)cc2)cc1
A115,p,0.45,O=C(O)c1ccc(-n2nnnc2S)cc1
A129,p,0.1,O=C(O)c1ccc(/C=N/O)cc1
A381,p,0.39,Cc1nc(C)nc(-c2ccc(C(=O)O)cc2)n1
A11,p,0.61,O=C(O)c1ccc(P(Cl)Cl)cc1
A67,p,0.35,O=C(O)c1ccc(OC(Cl)(Cl)Cl)cc1
A315,p,0.53,O=C(O)c1ccc(C2(F)C(F)(F)C(F)(F)C2(F)F)cc1
A228,p,0.21,C[Si](C)(Cl)c1ccc(C(=O)O)cc1
A101,p,0.32,O=C(O)c1ccc(C(Cl)Cl)cc1
A422,p,0.08,CC(=O)c1ccc(-c2ccc(C(=O)O)cc2)o1
A202,p,0.31,CC(=O)Oc1ccc(C(=O)O)cc1
A197,p,0.61,CC(c1ccc(C(=O)O)cc1)([N+](=O)[O-])[N+](=O)[O-]
A81,p,0.5,O=C(O)c1ccc(SC(F)(F)F)cc1
A370,p,0.4,CN(C)P(=O)(c1ccc(C(=O)O)cc1)N(C)C
A116,p,0.19,O=C(O)c1ccc(Nc2nnns2)cc1
A331,p,0.57,CC(C#N)(C#N)c1ccc(C(=O)O)cc1
A268,p,0.39,CN(C(=O)C(F)(F)F)c1ccc(C(=O)O)cc1
A420,p,-0.03,O=C(O)c1ccc(Oc2ccccc2)cc1
A5,p,0.23,O=C(O)c1ccc(Cl)cc1
A363,p,0.6,CCOP(=O)(OCC)c1ccc(C(=O)O)cc1
A191,p,-0.16,O=C([O-])Cc1ccc(C(=O)O)cc1
A222,p,-0.07,CC(O)c1ccc(C(=O)O)cc1
A428,p,0.01,O=C(O)c1ccc(NS(=O)(=O)c2ccccc2)cc1
A444,p,1.37,O=C(O)c1ccc(P(=NS(=O)(=O)C(F)(F)F)(C(F)(F)C(F)(F)C(F)(F)F)C(F)(F)C(F)(F)C(F)(F)F)cc1
A528,p,0.27,O=C(O)c1ccc([Sn](c2ccccc2)(c2ccccc2)c2ccccc2)cc1
A171,p,1.4,O=C(O)c1ccc(S(=O)(=NS(=O)(=O)C(F)(F)F)C(F)(F)F)cc1
A468,p,-0.07,O=C(O)c1ccc(/C=C/c2ccccc2)cc1
A336,p,0.05,O=C(O)c1ccc(-c2cccs2)cc1
A15,p,0.06,O=C(O)c1ccc(F)cc1
A530,p,0.33,O=C(O)c1ccc(-[n+]2c(-c3ccccc3)cc(-c3ccccc3)cc2-c2ccccc2)cc1
A316,p,0.79,O=C(O)c1ccc(C(=O)C(F)(F)C(F)(F)C(F)(F)F)cc1
A506,p,0.19,O=C(O)c1ccc(P(c2ccccc2)c2ccccc2)cc1
A259,p,0.48,O=C(O)c1ccc([Te]C(F)(F)C(F)(F)C(F)(F)F)cc1
A403,p,0.08,O=C(O)c1ccc(-c2cccc(Br)c2)cc1
A525,p,0.7,Cc1cc(-c2ccccc2)cc(-c2ccccc2)[n+]1-c1ccc(C(=O)O)cc1
A152,p,0.13,CSSc1ccc(C(=O)O)cc1
A91,p,1.26,N#CS(=O)(=O)c1ccc(C(=O)O)cc1
A341,p,0.31,O=C(O)c1ccc(N2C(=O)CCC2=O)cc1
A41,p,-1.21,O=C(O)c1ccc([S-])cc1
A42,p,-0.02,O=C(O)c1ccc([As](=O)([O-])O)cc1
A368,p,-0.05,C[Si](C)(C)OCc1ccc(C(=O)O)cc1
A20,p,0.89,O=C(O)c1ccc(P(=O)(F)F)cc1
A414,p,0.24,O=C(O)c1ccc(Sc2ccc([N+](=O)[O-])cc2)cc1
A397,p,1.1,O=C(O)c1ccc(P(=O)(C(F)(F)C(F)(F)C(F)(F)F)C(F)(F)C(F)(F)C(F)(F)F)cc1
A508,p,0.24,CCCN(CCC)P(c1ccc(C(=O)O)cc1)c1cccc(F)c1
A437,p,0.06,CC(C)P(c1ccc(C(=O)O)cc1)C(C)C
A70,p,0.54,O=C(O)c1ccc(C(F)(F)F)cc1
A348,p,-0.1,CC(C)C(=O)Nc1ccc(C(=O)O)cc1
A353,p,-0.32,CCCCOc1ccc(C(=O)O)cc1
A433,p,-0.15,O=C(O)c1ccc(C2CCCCC2)cc1
A343,p,0.88,CC(=O)OI(OC(C)=O)c1ccc(C(=O)O)cc1
A63,p,0.61,O=C(O)c1ccc(-n2nnnc2Cl)cc1
A195,p,0.44,CN(c1ccc(C(=O)O)cc1)S(=O)(=O)C(F)(F)F
A462,p,-0.2,CCC(CC)(CC)c1ccc(C(=O)O)cc1
A284,p,-0.05,CC(=O)NCc1ccc(C(=O)O)cc1
A206,p,0.21,C=C[Se]c1ccc(C(=O)O)cc1
A137,p,0.1,C[Hg]c1ccc(C(=O)O)cc1
A472,p,-0.06,COc1ccc(C(=O)Nc2ccc(C(=O)O)cc2)cc1
A283,p,0.26,CC(=O)N(C)c1ccc(C(=O)O)cc1
A55,p,0.05,O=C(O)c1ccc(P)cc1
A329,p,0.48,O=C(O)c1ccc(-c2cccnn2)cc1
A266,p,0.17,N#C/C=C/c1ccc(C(=O)O)cc1
A77,p,0.83,O=C(O)c1ccc([Se](=O)C(F)(F)F)cc1
A179,p,0.25,O=C(O)c1ccc(OC(F)(F)C(F)F)cc1
A9,p,1.11,O=C(O)c1ccc(I(Cl)Cl)cc1
A236,p,-0.03,CN(C)N=Nc1ccc(C(=O)O)cc1
A52,p,-0.34,O=C(O)c1ccc(NO)cc1
A470,p,0.51,O=C(O)c1ccc(/C=N/NC(=O)c2ccccc2)cc1
A519,p,0.56,O=C(O)c1ccc(C(=O)OC(c2ccccc2)c2ccccc2)cc1
A104,p,0.18,O=C(O)c1ccc(OC(F)F)cc1
A488,p,0.05,O=C(O)c1ccc(/C=C/C(=O)c2ccc([N+](=O)[O-])cc2)cc1
A299,p,0,C[Ge](C)(C)c1ccc(C(=O)O)cc1
A267,p,0.03,CC#Cc1ccc(C(=O)O)cc1
A163,p,0.5,O=C(O)c1ccc(N(C(=O)F)C(F)(F)F)cc1
A14,p,0.56,O=C(O)c1ccc([Si](Cl)(Cl)Cl)cc1
A342,p,-0.01,CC(=O)/C=C/c1ccc(C(=O)O)cc1
A177,p,0.12,O=C(O)c1ccc(NC(=O)C(F)(F)F)cc1
A384,p,-0.14,O=C(O)c1ccc(C2CCCC2)cc1
A149,p,0.54,CS(=O)(=O)Sc1ccc(C(=O)O)cc1
A387,p,-0.18,CCC(C)(C)c1ccc(C(=O)O)cc1
A456,p,-0.09,O=C(O)c1ccc(Cc2ccccc2)cc1
A83,p,0.34,N#C[Hg]c1ccc(C(=O)O)cc1
A230,p,-0.61,CCNc1ccc(C(=O)O)cc1
A273,p,-0.14,C=CCc1ccc(C(=O)O)cc1
A92,p,0.38,O=C(O)c1ccc(N=C=S)cc1
A325,p,0.84,N#CC(C#N)=Cc1ccc(C(=O)O)cc1
A423,p,0.43,CC1=CC=CC(c2ccc(C(=O)O)cc2)O1
A85,p,0.49,[C-]#[N+]c1ccc(C(=O)O)cc1
A75,p,0.35,O=C(O)c1ccc(OC(F)(F)F)cc1
A473,p,0.7,Cc1ccc(S(=O)(=O)/N=C/Sc2ccc(C(=O)O)cc2)cc1
A270,p,-0.21,O=C(O)c1ccc(C2CC2)cc1
A8,p,0.48,O=C(O)c1ccc(SCl)cc1
A511,p,0.21,O=C(O)c1ccc(-c2nc3ccccc3n2-c2ccccc2)cc1
A19,p,0.83,O=C(O)c1ccc(I(F)F)cc1
A326,p,0,O=C(O)c1ccc(-c2ccc(Br)o2)cc1
A518,p,0.13,C[Si](c1ccccc1)(c1ccccc1)c1ccc(C(=O)O)cc1
A39,p,-0.05,O=C(O)c1ccc(S(=O)[O-])cc1
A62,p,0.46,O=C(O)c1ccc(C(F)(F)Cl)cc1
A165,p,0.52,O=C(O)c1ccc(C(F)(F)C(F)(F)F)cc1
A146,p,0.45,CS(=O)Oc1ccc(C(=O)O)cc1
A135,p,0.39,C[Si](Cl)(Cl)c1ccc(C(=O)O)cc1
A394,p,-0.01,C[Si](C)(C)O[Si](C)(C)c1ccc(C(=O)O)cc1
A16,p,0.33,O=C(O)c1ccc([Hg]F)cc1
A28,p,0.18,O=C(O)c1ccc(I)cc1
A131,p,0.63,NC(=O)N=[N+]([O-])c1ccc(C(=O)O)cc1
A7,p,1.11,O=C(O)c1ccc(S(=O)(=O)Cl)cc1
A504,p,-0.22,O=C(O)c1ccc(N(c2ccccc2)c2ccccc2)cc1
A406,p,0.12,O=C(O)c1ccc(-c2ccc(Cl)cc2)cc1
A277,p,0.45,CCOC(=O)c1ccc(C(=O)O)cc1
A173,p,0.69,O=C(O)c1ccc(P(C(F)(F)F)C(F)(F)F)cc1
A390,p,-0.34,CCCCCOc1ccc(C(=O)O)cc1
A96,p,0.89,N#C/N=[N+](\[O-])c1ccc(C(=O)O)cc1
A304,p,0.1,CO[Si](C)(OC)c1ccc(C(=O)O)cc1
A157,p,0.53,[NH3+]Cc1ccc(C(=O)O)cc1
A174,p,0.9,N#CP(C#N)c1ccc(C(=O)O)cc1
A361,p,0.47,CCP(=O)(CC)c1ccc(C(=O)O)cc1
A399,p,0.18,O=C(O)c1ccc(NP(=O)(C(F)(F)C(F)(F)C(F)(F)F)C(F)(F)C(F)(F)C(F)(F)F)cc1
A140,p,0.61,CN(c1ccc(C(=O)O)cc1)[N+](=O)[O-]
A232,p,0.24,CN(c1ccc(C(=O)O)cc1)S(C)(=O)=O
A418,p,0.79,O=C(O)c1ccc(/[N+]([O-])=N\S(=O)(=O)c2ccccc2)cc1
A424,p,0.68,O=C(O)c1ccc(S(=O)(=O)c2ccccc2)cc1
A187,p,0.31,O=C(O)c1ccc(CS(=O)(=O)C(F)(F)F)cc1
A226,p,0.56,CN(C)P(Cl)c1ccc(C(=O)O)cc1
A365,p,0.46,CCP(=S)(CC)c1ccc(C(=O)O)cc1
A113,p,0.56,O=C(O)c1ccc(-c2nnn[nH]2)cc1
A144,p,0.49,CS(=O)c1ccc(C(=O)O)cc1
A59,p,-0.55,NNc1ccc(C(=O)O)cc1
A182,p,0.19,C#CSc1ccc(C(=O)O)cc1
A162,p,0.46,O=C(O)c1ccc(OC(=O)C(F)(F)F)cc1
A13,p,0.79,O=C(O)c1ccc([Ge](Cl)(Cl)Cl)cc1
A220,p,0.16,NNC(=O)N/N=C/c1ccc(C(=O)O)cc1
A522,p,1.11,Cc1ccc([P+](C)(c2ccccc2)c2ccc(C(=O)O)cc2)cc1
A105,p,0.58,O=C(O)c1ccc(S(=O)C(F)F)cc1
A351,p,-0.12,CC(C)Cc1ccc(C(=O)O)cc1
A208,p,-0.1,O=C(O)c1ccc(C2CN2)cc1
A306,p,0.73,C[P+](C)(C)c1ccc(C(=O)O)cc1
A517,p,1.18,C[P+](c1ccccc1)(c1ccccc1)c1ccc(C(=O)O)cc1
A362,p,0.74,CCOP(=O)(/N=N\c1ccc(C(=O)O)cc1)OCC
